﻿{
	"en": {
		"langdesc": "English",

		"core1": "Copy successful",
		"core2": "Browser not supported",
		"core3": "Are you sure you want to leave this dialog right now",
		"core4": "Compare products",
		"core5": "Delete all",
		"core6": "Compare now!",
		"core7": "View more content",
		"core8": "Content Collapse",
		"core9": " products",
		"core10": "Collapse",
		"core11": "See more",

		"err1": "Deleted data cannot be recovered, do you want to delete?",
		"err2": "Warning",
		"err3": "Delete",
		"err4": "Cancel",
		"err5": "Please select the data to delete",
		"err6": "Error",
		"err7": "<p>Go to the following MoMo payment page <b style=\"color:red\" id=\"time-down\">3s</b></p>",
		"err7_1": "<p>Go to the following Ngan Luong payment page <b style=\"color:red\" id=\"time-down\">3s</b></p>",
		"err8": "Notify",
		"err9": "Expired shopping cart",
		"err10": "Please enter promo code",
		"err11": "Successful",

		"text1": "Have ",
		"text2": " error, see details below.",
		"text3": "Image files should not exceed 5MB.",
		"text4": "Geolocation is not supported by this browser",
		"text5": "Add to cart successfully",
		"text6": "View cart and checkout",
		"text7": "Are you sure you want to remove this product from your favorites list?",
		"text8": "Submitted successfully",

		"validate1": "Please fill out the information at the field ",
		"validate2": "Please correct this range.",
		"validate3": "Please enter a valid email address at the field ",
		"validate4": "Please enter a valid URL.",
		"validate5": "Please enter a valid date.",
		"validate6": "Please enter a valid date (ISO).",
		"validate7": "Please enter a valid number.",
		"validate8": "Please enter only digits.",
		"validate9": "Please enter a valid credit card number.",
		"validate10": "Please re-enter the same value.",
		"validate11": "Please enter a value with a valid extension.",
		"validate12": "Please enter no more than {0} characters in the field ",
		"validate13": "Please enter at least {0} characters in the field ",
		"validate14": "Please enter a value between {0} and {1} characters in the field ",
		"validate15": "Please enter a value from {0} to {1} in the field ",
		"validate16": "Please enter a value less than or equal to {0} in the field ",
		"validate17": "Please enter a value greater than or equal to {0} in the field ",
		"validate18": "Please complete the information in the email field."

	},
	"vi": {
		"langdesc": "Việt Nam",

		"core1": "Copy thành công",
		"core2": "Trình duyệt không hỗ trợ",
		"core3": "Bạn có chắc chắn muốn rời khỏi hộp hội thoại này ngay bây giờ không",
		"core4": "So sánh sản phẩm",
		"core5": "Xóa tất cả",
		"core6": "So sánh ngay!",
		"core7": "Xem thêm nội dung",
		"core8": "Thu gọn nội dung",
		"core9": " Sản phẩm",
		"core10": "Thu gọn",
		"core11": "Xem thêm",

		"err1": "Dữ liệu bị xóa không thể phục hồi, bạn có muốn xóa?",
		"err2": "Cảnh báo",
		"err3": "Xóa",
		"err4": "Hủy",
		"err5": "Vui lòng chọn dữ liệu cần xóa",
		"err6": "Lỗi",
		"err7": "<p>Chuyển tới trang thanh toán MoMo sau <b style=\"color:red\" id=\"time-down\">3s</b></p>",
		"err7_1": "<p>Chuyển tới trang thanh toán Ngân Lượng sau <b style=\"color:red\" id=\"time-down\">3s</b></p>",
		"err8": "Thông báo",
		"err9": "Giỏ hàng hết hiệu lực",
		"err10": "Vui lòng điền mã khuyến mãi",
		"err11": "Thành công",

		"text1": "Có ",
		"text2": " lỗi, xem chi tiết bên dưới.",
		"text3": "File ảnh không được quá 5MB.",
		"text4": "Vị trí địa lý không được trình duyệt này hỗ trợ",
		"text5": "Thêm vào giỏ hàng thành công",
		"text6": "Xem giỏ hàng và thanh toán",
		"text7": "Bạn có chắc chắn muốn xóa sản phẩm này khỏi danh sách yêu thích của mình?",
		"text8": "Gửi thành công",

		"validate1": "Vui lòng điền đầy đủ thông tin ở trường ",
		"validate2": "Vui lòng sửa phạm vi này.",
		"validate3": "Vui lòng nhập một địa chỉ email hợp lệ ở trường ",
		"validate4": "Vui lòng nhập một URL hợp lệ.",
		"validate5": "Vui lòng nhập một ngày hợp lệ.",
		"validate6": "Vui lòng nhập ngày hợp lệ (ISO).",
		"validate7": "Vui lòng nhập một số hợp lệ.",
		"validate8": "Vui lòng chỉ nhập các chữ số.",
		"validate9": "Vui lòng nhập số thẻ tín dụng hợp lệ.",
		"validate10": "Vui lòng nhập lại cùng một giá trị.",
		"validate11": "Vui lòng nhập giá trị có phần mở rộng hợp lệ.",
		"validate12": "Vui lòng nhập không quá {0} ký tự ở trường ",
		"validate13": "Vui lòng nhập ít nhất {0} ký tự ở trường ",
		"validate14": "Vui lòng nhập một giá trị có độ dài từ {0} đến {1} ký tự ở trường ",
		"validate15": "Vui lòng nhập giá trị từ {0} đến {1} ở trường ",
		"validate16": "Vui lòng nhập giá trị nhỏ hơn hoặc bằng {0} ở trường ",
		"validate17": "Vui lòng nhập giá trị lớn hơn hoặc bằng {0} ở trường ",
		"validate18": "Vui lòng điền đầy đủ thông tin ở trường email."
	}
}
